thisis128629,div,6,417636
thisis128629,div,14,396928
thisis128629,div,3,132400
thisis128629,div,5,122917
thisis128629,div,6,95678
thisis128629,div,6,102613
thisis128629,div,2,45941
thisis128629,div,8,135802
thisis128629,div,4,75169
thisis128629,div,13,242220
thisis128629,div,18,284309
thisis128629,div,5,91985
thisis128629,div,16,229590
thisis128629,div,10,131305
thisis128629,div,11,211406
thisis128629,div,3,53503
thisis128629,div,13,149322
thisis128629,div,10,332755
thisis128629,div,22,328916
thisis128629,div,6,110838
thisis128629,div,11,131958
thisis128629,div,9,127096
thisis128629,div,24,272990
thisis128629,div,3,76640
thisis128629,div,9,153208
thisis128629,div,3,56338
thisis128629,div,18,236109
thisis128629,div,3,50105
thisis128629,div,10,194921
thisis961338,div,2,316219
thisis961338,div,7,161602
thisis961338,div,4,82476
thisis961338,div,1,273841
thisis961338,div,6,208622
thisis961338,div,13,204326
thisis961338,div,2,190594
thisis961338,div,8,142144
thisis961338,div,2,46786
thisis961338,div,2,52136
thisis961338,div,2,23781
thisis961338,div,8,84995
thisis961338,div,2,52274
thisis961338,div,11,152520
thisis961338,div,11,158571
thisis961338,div,4,98672
thisis961338,div,21,342020
thisis961338,div,5,97075
thisis961338,div,4,89072
thisis961338,div,3,47197
thisis961338,div,6,41486
thisis961338,div,15,305523
thisis961338,div,16,169038
thisis961338,div,2,36874
thisis961338,div,9,96474
